{"cameraMode":{"drawMode":0,"name":"Shaded","section":"Shading Mode"},"sceneLighting":false,"audioPlay":false,"sceneViewState":{"m_AlwaysRefresh":false,"showFog":true,"showSkybox":false,"showFlares":true,"showImageEffects":true,"showParticleSystems":true,"showVisualEffectGraphs":true,"m_FxEnabled":true},"in2DMode":false,"pivot":{"x":0.9997372031211853,"y":-0.12789210677146913,"z":-0.9112352728843689},"rotation":{"x":0.07813973724842072,"y":-0.7613885402679443,"z":0.0930553451180458,"w":0.636944055557251},"size":0.8660253882408142,"orthographic":false}