{"cameraMode":{"drawMode":0,"name":"Shaded","section":"Shading Mode"},"sceneLighting":false,"audioPlay":false,"sceneViewState":{"m_AlwaysRefresh":false,"showFog":true,"showSkybox":false,"showFlares":true,"showImageEffects":true,"showParticleSystems":true,"showVisualEffectGraphs":true,"m_FxEnabled":true},"in2DMode":false,"pivot":{"x":-0.013017058372497559,"y":2.9424006938934328,"z":-0.26146507263183596},"rotation":{"x":0.0019578440114855768,"y":-0.9947350025177002,"z":0.10212361067533493,"w":0.01629013940691948},"size":0.8313411474227905,"orthographic":false}