{"cameraMode":{"drawMode":0,"name":"Shaded","section":"Shading Mode"},"sceneLighting":false,"audioPlay":false,"sceneViewState":{"m_AlwaysRefresh":false,"showFog":true,"showSkybox":false,"showFlares":true,"showImageEffects":true,"showParticleSystems":true,"showVisualEffectGraphs":true,"m_FxEnabled":true},"in2DMode":false,"pivot":{"x":-2.451406955718994,"y":1.137412667274475,"z":-3.7098278999328615},"rotation":{"x":0.048939600586891177,"y":-0.9504401683807373,"z":0.19389262795448304,"w":0.23848484456539155},"size":2.949841022491455,"orthographic":false}