{"cameraMode":{"drawMode":0,"name":"Shaded","section":"Shading Mode"},"sceneLighting":false,"audioPlay":false,"sceneViewState":{"m_AlwaysRefresh":false,"showFog":true,"showSkybox":false,"showFlares":true,"showImageEffects":true,"showParticleSystems":true,"showVisualEffectGraphs":true,"m_FxEnabled":true},"in2DMode":false,"pivot":{"x":0.37629324197769167,"y":1.1921097040176392,"z":-0.34785789251327517},"rotation":{"x":-0.2962143123149872,"y":0.39453384280204775,"z":-0.13563351333141328,"w":-0.8593122363090515},"size":0.8660253882408142,"orthographic":false}