{"cameraMode":{"drawMode":0,"name":"Shaded","section":"Shading Mode"},"sceneLighting":false,"audioPlay":false,"sceneViewState":{"m_AlwaysRefresh":false,"showFog":true,"showSkybox":false,"showFlares":true,"showImageEffects":true,"showParticleSystems":true,"showVisualEffectGraphs":true,"m_FxEnabled":true},"in2DMode":false,"pivot":{"x":0.6488711833953857,"y":0.21617481112480164,"z":0.19042229652404786},"rotation":{"x":0.0043829139322042469,"y":0.9760851263999939,"z":-0.020856501534581186,"w":0.21673963963985444},"size":0.6466720700263977,"orthographic":false}