{"cameraMode":{"drawMode":0,"name":"Shaded","section":"Shading Mode"},"sceneLighting":false,"audioPlay":false,"sceneViewState":{"m_AlwaysRefresh":false,"showFog":true,"showSkybox":false,"showFlares":true,"showImageEffects":true,"showParticleSystems":true,"showVisualEffectGraphs":true,"m_FxEnabled":true},"in2DMode":false,"pivot":{"x":-1.5829999446868897,"y":0.7590000033378601,"z":-5.929999828338623},"rotation":{"x":0.06486492604017258,"y":-0.8650813102722168,"z":0.11629702150821686,"w":0.48383083939552309},"size":0.8660253882408142,"orthographic":false}