{"cameraMode":{"drawMode":0,"name":"Shaded","section":"Shading Mode"},"sceneLighting":false,"audioPlay":false,"sceneViewState":{"m_AlwaysRefresh":false,"showFog":true,"showSkybox":false,"showFlares":true,"showImageEffects":true,"showParticleSystems":true,"showVisualEffectGraphs":true,"m_FxEnabled":true},"in2DMode":false,"pivot":{"x":18.90999984741211,"y":1.246598482131958,"z":-31.700008392333986},"rotation":{"x":0.058858487755060199,"y":-0.8696427941322327,"z":0.10630103945732117,"w":0.4786946773529053},"size":0.8258457183837891,"orthographic":false}