{"cameraMode":{"drawMode":0,"name":"Shaded","section":"Shading Mode"},"sceneLighting":false,"audioPlay":false,"sceneViewState":{"m_AlwaysRefresh":false,"showFog":true,"showSkybox":false,"showFlares":true,"showImageEffects":true,"showParticleSystems":true,"showVisualEffectGraphs":true,"m_FxEnabled":true},"in2DMode":false,"pivot":{"x":1.0379999876022339,"y":1.3680000305175782,"z":-0.0015000104904174805},"rotation":{"x":-0.02748865634202957,"y":0.9613553881645203,"z":-0.10301251709461212,"w":-0.2541714310646057},"size":3.0868113040924074,"orthographic":false}