{"cameraMode":{"drawMode":0,"name":"Shaded","section":"Shading Mode"},"sceneLighting":false,"audioPlay":false,"sceneViewState":{"m_AlwaysRefresh":false,"showFog":true,"showSkybox":false,"showFlares":true,"showImageEffects":true,"showParticleSystems":true,"showVisualEffectGraphs":true,"m_FxEnabled":true},"in2DMode":false,"pivot":{"x":0.019328836351633073,"y":1.0260804891586304,"z":0.7781714797019959},"rotation":{"x":-0.0048887403681874279,"y":0.9944839477539063,"z":-0.049554161727428439,"w":-0.0932445302605629},"size":1.2297561168670655,"orthographic":false}