{"cameraMode":{"drawMode":0,"name":"Shaded","section":"Shading Mode"},"sceneLighting":false,"audioPlay":false,"sceneViewState":{"m_AlwaysRefresh":false,"showFog":true,"showSkybox":false,"showFlares":true,"showImageEffects":true,"showParticleSystems":true,"showVisualEffectGraphs":true,"m_FxEnabled":true},"in2DMode":false,"pivot":{"x":-16.115049362182618,"y":1.2819161415100098,"z":-6.690758228302002},"rotation":{"x":0.045376285910606387,"y":-0.9314427971839905,"z":0.12388518452644348,"w":0.33933472633361819},"size":1.6431570053100587,"orthographic":false}